1757671790898380800,0.00849,-0.00264,0.17936,1.00000,0.00121,0.00064,0.00168,0.00000,0.00000,0.00000,
1757671790978369536,0.00598,-0.00341,0.20079,1.00000,0.00076,0.00095,0.00253,0.00000,0.00000,0.00000,
1757671791058372352,0.00864,-0.00261,0.23438,1.00000,0.00091,0.00099,0.00222,0.00000,0.00000,0.00000,
1757671791138370304,0.00612,-0.00073,0.25798,1.00000,0.00100,0.00149,0.00187,0.00000,0.00000,0.00000,
1757671791218371072,0.00826,-0.00162,0.28055,1.00000,0.00125,0.00145,0.00161,0.00000,0.00000,0.00000,
1757671791298372864,0.00895,-0.00414,0.31780,1.00000,0.00017,0.00169,0.00108,0.00000,0.00000,0.00000,
1757671791378370816,0.00841,-0.00193,0.34331,1.00000,-0.00020,0.00167,0.00073,0.00000,0.00000,0.00000,
1757671791458373632,0.00435,-0.00234,0.37061,1.00000,-0.00052,0.00193,0.00035,0.00000,0.00000,0.00000,
1757671791538372608,0.00648,0.00028,0.39887,1.00000,-0.00100,0.00187,-0.00033,0.00000,0.00000,0.00000,
1757671791618372352,0.00902,-0.00024,0.43139,1.00000,-0.00177,0.00148,-0.00146,0.00000,0.00000,0.00000,
1757671791698372096,0.01212,-0.00113,0.46806,0.99999,-0.00415,0.00115,-0.00175,0.00000,0.00000,0.00000,
1757671791778383104,0.01356,-0.00220,0.49889,0.99998,-0.00567,0.00102,-0.00282,0.00000,0.00000,0.00000,
1757671791858374912,0.01033,-0.00047,0.52639,0.99999,-0.00491,0.00136,-0.00179,0.00000,0.00000,0.00000,
1757671791938373632,0.01229,0.00313,0.55449,1.00000,-0.00130,0.00155,-0.00054,0.00000,0.00000,0.00000,
1757671792018377472,0.00951,0.00041,0.60083,0.99999,-0.00341,0.00229,-0.00184,0.00000,0.00000,0.00000,
1757671792098378496,0.01054,-0.00129,0.63566,0.99999,-0.00305,0.00253,-0.00091,0.00000,0.00000,0.00000,
1757671792178379264,0.01060,-0.00093,0.67435,0.99999,-0.00205,0.00312,-0.00059,0.00000,0.00000,0.00000,
1757671792258377216,0.01712,-0.00114,0.71705,0.99999,-0.00187,0.00298,-0.00063,0.00000,0.00000,0.00000,
1757671792338392832,0.01535,-0.00397,0.74988,0.99999,-0.00157,0.00351,-0.00095,0.00000,0.00000,0.00000,
1757671792418398720,0.01149,-0.00233,0.78911,0.99999,-0.00065,0.00405,-0.00177,0.00000,0.00000,0.00000,
1757671792498385664,0.01747,0.00003,0.83473,0.99999,-0.00049,0.00392,-0.00236,0.00000,0.00000,0.00000,
1757671792578380544,0.01307,-0.00005,0.87616,0.99998,-0.00205,0.00455,-0.00405,0.00000,0.00000,0.00000,
1757671792658378240,0.01719,0.00023,0.91807,0.99998,-0.00195,0.00397,-0.00398,0.00000,0.00000,0.00000,
1757671792738390272,0.01554,0.00476,0.95643,0.99998,-0.00212,0.00399,-0.00427,0.00000,0.00000,0.00000,
1757671792818383104,0.01411,0.00279,0.99312,0.99997,-0.00369,0.00382,-0.00480,0.00000,0.00000,0.00000,
1757671792898389760,0.01429,0.00092,1.02935,0.99998,-0.00389,0.00367,-0.00455,0.00000,0.00000,0.00000,
1757671792978379776,0.02448,-0.00178,1.07310,0.99998,-0.00312,0.00359,-0.00411,0.00000,0.00000,0.00000,
1757671793058384640,0.02945,-0.00233,1.11485,0.99997,-0.00370,0.00450,-0.00434,0.00000,0.00000,0.00000,
1757671793138384384,0.02916,-0.00334,1.15297,0.99997,-0.00322,0.00623,-0.00375,0.00000,0.00000,0.00000,
1757671793218383360,0.03019,-0.00178,1.19517,0.99995,-0.00256,0.00930,-0.00341,0.00000,0.00000,0.00000,
1757671793298384128,0.03345,-0.00264,1.23942,0.99990,-0.00364,0.01349,-0.00305,0.00000,0.00000,0.00000,
1757671793378395904,0.03419,-0.00582,1.28501,0.99980,-0.00297,0.01936,-0.00373,0.00000,0.00000,0.00000,
1757671793458385664,0.02894,-0.00130,1.31992,0.99965,-0.00217,0.02597,-0.00398,0.00000,0.00000,0.00000,
1757671793538385664,0.04054,-0.00583,1.37052,0.99943,-0.00782,0.03254,-0.00459,0.00000,0.00000,0.00000,
1757671793618382592,0.04491,-0.00192,1.40861,0.99912,-0.00475,0.04121,-0.00560,0.00000,0.00000,0.00000,
1757671793698386432,0.05111,-0.00255,1.45218,0.99879,-0.00571,0.04842,-0.00682,0.00000,0.00000,0.00000,
1757671793778383104,0.05334,-0.00053,1.49365,0.99841,-0.00874,0.05522,-0.00674,0.00000,0.00000,0.00000,
1757671793858508032,0.06150,-0.00402,1.53830,0.99818,-0.00756,0.05953,-0.00528,0.00000,0.00000,0.00000,
1757671793938386944,0.07065,-0.00796,1.58081,0.99800,-0.00757,0.06251,-0.00497,0.00000,0.00000,0.00000,
1757671794018408704,0.07708,-0.00733,1.62497,0.99780,-0.00853,0.06554,-0.00502,0.00000,0.00000,0.00000,
1757671794098388480,0.08200,-0.00345,1.66576,0.99762,-0.00739,0.06833,-0.00476,0.00000,0.00000,0.00000,
1757671794178388480,0.17420,-0.04154,1.64404,0.99802,-0.01348,0.06129,-0.00475,0.00000,0.00000,0.00000,
1757671794258390272,0.09355,-0.00250,1.75127,0.99731,-0.00710,0.07278,-0.00454,0.00000,0.00000,0.00000,
1757671794338386944,0.10121,-0.00320,1.79774,0.99715,-0.00724,0.07500,-0.00485,0.00000,0.00000,0.00000,
1757671794418429952,0.10747,-0.00508,1.83759,0.99703,-0.00829,0.07639,-0.00496,0.00000,0.00000,0.00000,
1757671794498391808,0.11501,-0.00728,1.87514,0.99697,-0.00630,0.07735,-0.00509,0.00000,0.00000,0.00000,
1757671794578413568,0.12237,-0.00655,1.91213,0.99697,-0.00687,0.07735,-0.00544,0.00000,0.00000,0.00000,
1757671794658388480,0.12550,-0.00742,1.94860,0.99695,-0.00667,0.07760,-0.00575,0.00000,0.00000,0.00000,
1757671794738391296,0.12721,-0.00479,1.98928,0.99702,-0.00710,0.07661,-0.00596,0.00000,0.00000,0.00000,
1757671794818392064,0.13622,-0.00870,2.03101,0.99718,-0.00619,0.07467,-0.00493,0.00000,0.00000,0.00000,
1757671794898390016,0.14637,-0.00439,2.07116,0.99733,-0.00867,0.07238,-0.00454,0.00000,0.00000,0.00000,
1757671794978391808,0.15227,-0.00331,2.12032,0.99762,-0.00824,0.06839,-0.00424,0.00000,0.00000,0.00000,
1757671795058615552,0.15806,-0.00079,2.15814,0.99813,-0.00502,0.06082,-0.00280,0.00000,0.00000,0.00000,
1757671795138392576,0.16554,-0.00957,2.19573,0.99883,-0.00655,0.04802,-0.00038,0.00000,0.00000,0.00000,
1757671795218393344,0.16873,-0.00839,2.22579,0.99946,-0.00330,0.03269,0.00248,0.00000,0.00000,0.00000,
1757671795298395136,0.17259,-0.01080,2.26206,0.99989,-0.00377,0.01322,0.00486,0.00000,0.00000,0.00000,
1757671795378393088,0.17374,-0.01466,2.29377,0.99995,-0.00069,-0.00809,0.00498,0.00000,0.00000,0.00000,
1757671795458391808,0.17679,-0.01677,2.32602,0.99955,-0.00374,-0.02933,0.00528,0.00000,0.00000,0.00000,
1757671795538408704,0.17403,-0.01317,2.35059,0.99869,-0.00245,-0.05073,0.00540,0.00000,0.00000,0.00000,
1757671795618399488,0.17393,-0.01468,2.37661,0.99735,-0.00461,-0.07238,0.00607,0.00000,0.00000,0.00000,
1757671795698397440,0.17122,-0.01853,2.40698,0.99553,-0.00487,-0.09414,0.00643,0.00000,0.00000,0.00000,
1757671795778405376,0.16786,-0.01544,2.43637,0.99320,-0.00370,-0.11614,0.00687,0.00000,0.00000,0.00000,
1757671795858421248,0.15333,-0.01918,2.46422,0.99069,-0.00514,-0.13579,0.00786,0.00000,0.00000,0.00000,
1757671795938400000,0.14953,-0.01633,2.49337,0.98758,-0.00333,-0.15685,0.00822,0.00000,0.00000,0.00000,
1757671796018399744,0.14144,-0.01432,2.52398,0.98410,-0.00502,-0.17735,0.00795,0.00000,0.00000,0.00000,
1757671796098399744,0.13109,-0.01725,2.54764,0.98011,-0.00396,-0.19825,0.00828,0.00000,0.00000,0.00000,
1757671796178427392,0.12069,-0.01704,2.57517,0.97565,-0.00394,-0.21910,0.00897,0.00000,0.00000,0.00000,
1757671796258406400,0.11016,-0.01823,2.60065,0.97071,-0.00547,-0.24003,0.00924,0.00000,0.00000,0.00000,
1757671796338419200,0.09682,-0.01582,2.62326,0.96503,-0.00682,-0.26191,0.00915,0.00000,0.00000,0.00000,
1757671796418404096,0.08347,-0.01768,2.64681,0.95894,-0.00937,-0.28331,0.00893,0.00000,0.00000,0.00000,
1757671796498401792,0.07113,-0.02013,2.67029,0.95223,-0.00841,-0.30512,0.00943,0.00000,0.00000,0.00000,
1757671796578397696,0.05176,-0.01820,2.69446,0.94578,-0.01091,-0.32449,0.00909,0.00000,0.00000,0.00000,
1757671796658402560,0.03702,-0.01751,2.71985,0.93873,-0.00723,-0.34442,0.01017,0.00000,0.00000,0.00000,
1757671796738410496,0.01376,-0.01346,2.73880,0.93216,-0.00871,-0.36179,0.01032,0.00000,0.00000,0.00000,
1757671796818403328,-0.00042,-0.01058,2.76499,0.92444,-0.00420,-0.38106,0.01333,0.00000,0.00000,0.00000,
1757671796898404096,-0.02734,-0.01338,2.78659,0.91744,-0.00611,-0.39765,0.01155,0.00000,0.00000,0.00000,
1757671796978402048,-0.05443,-0.01386,2.80536,0.90985,-0.00771,-0.41471,0.01122,0.00000,0.00000,0.00000,
1757671797058400768,-0.07287,-0.02310,2.83962,0.90010,-0.00988,-0.43541,0.01171,0.00000,0.00000,0.00000,
1757671797138475776,-0.09867,-0.01858,2.84166,0.89092,-0.01092,-0.45386,0.01219,0.00000,0.00000,0.00000,
1757671797218402560,-0.12822,-0.02195,2.86043,0.88061,-0.01025,-0.47357,0.01260,0.00000,0.00000,0.00000,
1757671797298407424,-0.14431,-0.01635,2.87966,0.86972,-0.01096,-0.49325,0.01262,0.00000,0.00000,0.00000,
1757671797378411264,-0.17413,-0.01928,2.89513,0.86014,-0.00933,-0.50980,0.01331,0.00000,0.00000,0.00000,
1757671797458407936,-0.20033,-0.01555,2.91088,0.85026,-0.01088,-0.52610,0.01266,0.00000,0.00000,0.00000,
1757671797538405888,-0.22744,-0.01966,2.92741,0.83932,-0.00656,-0.54338,0.01545,0.00000,0.00000,0.00000,
1757671797618412800,-0.25048,-0.02717,2.93007,0.82962,-0.01104,-0.55809,0.01178,0.00000,0.00000,0.00000,
1757671797698404608,-0.28138,-0.01689,2.94398,0.82026,-0.01007,-0.57177,0.01211,0.00000,0.00000,0.00000,
1757671797778410496,-0.31135,-0.01659,2.95443,0.81021,-0.01049,-0.58592,0.01211,0.00000,0.00000,0.00000,
1757671797858405376,-0.34131,-0.02017,2.95771,0.80007,-0.01269,-0.59967,0.01146,0.00000,0.00000,0.00000,
1757671797938409216,-0.38268,-0.01416,2.97089,0.79003,-0.01222,-0.61285,0.01060,0.00000,0.00000,0.00000,
1757671798018407936,-0.41585,-0.01351,2.98144,0.77923,-0.01380,-0.62650,0.01026,0.00000,0.00000,0.00000,
1757671798098791680,-0.45126,-0.01563,2.99576,0.76915,-0.01346,-0.63884,0.01071,0.00000,0.00000,0.00000,
1757671798178410752,-0.48586,-0.02126,3.00785,0.76282,-0.01541,-0.64632,0.01196,0.00000,0.00000,0.00000,
1757671798258414592,-0.52821,-0.02175,3.00646,0.76003,-0.01437,-0.64961,0.01194,0.00000,0.00000,0.00000,
1757671798338533376,-0.58017,-0.02133,2.99943,0.75943,-0.01650,-0.65030,0.01043,0.00000,0.00000,0.00000,
1757671798418408192,-0.62983,-0.01149,3.00828,0.75735,-0.01368,-0.65278,0.01067,0.00000,0.00000,0.00000,
1757671798498412032,-0.68390,-0.00951,3.01722,0.75499,-0.01610,-0.65550,0.00769,0.00000,0.00000,0.00000,
1757671798578417920,-0.73140,-0.01360,3.01861,0.75362,-0.01638,-0.65708,0.00579,0.00000,0.00000,0.00000,
1757671798658411776,-0.77697,-0.00153,3.02503,0.75192,-0.01736,-0.65900,0.00506,0.00000,0.00000,0.00000,
1757671798738410496,-0.83041,-0.00579,3.02606,0.74850,-0.01616,-0.66292,0.00515,0.00000,0.00000,0.00000,
1757671798818436352,-0.87346,0.00267,3.03054,0.74326,-0.01590,-0.66877,0.00753,0.00000,0.00000,0.00000,
1757671798898413312,-0.91089,-0.01209,3.02703,0.73594,-0.01798,-0.67678,0.00535,0.00000,0.00000,0.00000,
1757671798978415104,-0.93451,-0.01110,3.05470,0.72543,-0.01713,-0.68807,0.00421,0.00000,0.00000,0.00000,
1757671799058411008,-0.97796,-0.01332,3.05759,0.71558,-0.01799,-0.69828,0.00498,0.00000,0.00000,0.00000,
1757671799138415872,-0.99060,-0.01128,3.08042,0.70399,-0.01989,-0.70992,0.00274,0.00000,0.00000,0.00000,
1757671799218414592,-1.08170,-0.01160,3.12220,0.69251,-0.01121,-0.72127,0.00895,0.00000,0.00000,0.00000,
1757671799298416384,-1.06492,-0.03345,3.08251,0.68473,-0.02208,-0.72846,-0.00001,0.00000,0.00000,0.00000,
1757671799378413312,-1.11213,0.00362,3.09482,0.67381,-0.01703,-0.73870,0.00426,0.00000,0.00000,0.00000,
1757671799458418176,-1.14102,-0.03213,3.07474,0.66396,-0.02344,-0.74740,-0.00076,0.00000,0.00000,0.00000,
1757671799538418944,-1.18210,-0.02779,3.06229,0.65430,-0.02141,-0.75593,-0.00020,0.00000,0.00000,0.00000,
1757671799618418944,-1.22485,-0.01955,3.05921,0.64986,-0.02125,-0.75975,0.00118,0.00000,0.00000,0.00000,
1757671799698448640,-1.27192,0.00443,3.07111,0.64547,-0.01855,-0.76356,0.00282,0.00000,0.00000,0.00000,
1757671799778435584,-1.30376,-0.00855,3.05184,0.64373,-0.01883,-0.76501,0.00289,0.00000,0.00000,0.00000,
1757671799858431488,-1.34779,-0.01554,3.04637,0.64138,-0.02249,-0.76689,-0.00129,0.00000,0.00000,0.00000,
1757671799938420224,-1.39231,0.00975,3.03944,0.63959,-0.01844,-0.76849,0.00235,0.00000,0.00000,0.00000,
1757671800018436096,-1.43576,0.00611,3.01515,0.63885,-0.01690,-0.76914,0.00380,0.00000,0.00000,0.00000,
1757671800098436864,-1.47815,0.00525,3.00418,0.63725,-0.01917,-0.77041,0.00192,0.00000,0.00000,0.00000,
1757671800178435840,-1.52185,0.00570,2.99862,0.63615,-0.02117,-0.77127,0.00086,0.00000,0.00000,0.00000,
1757671800258450688,-1.56438,0.03566,2.99081,0.63558,-0.01897,-0.77179,0.00464,0.00000,0.00000,0.00000,
1757671800338431488,-1.60918,0.01454,2.99396,0.63474,-0.02187,-0.77241,0.00018,0.00000,0.00000,0.00000,
1757671800418470400,-1.65306,0.03301,3.00699,0.63431,-0.01990,-0.77282,0.00027,0.00000,0.00000,0.00000,
1757671800498434048,-1.69441,0.02826,2.99727,0.63607,-0.02076,-0.77135,-0.00071,0.00000,0.00000,0.00000,
1757671800578441984,-1.75508,0.03690,2.99287,0.64028,-0.02298,-0.76779,-0.00335,0.00000,0.00000,0.00000,
1757671800658445824,-1.77533,0.01311,3.00821,0.64556,-0.02143,-0.76339,-0.00553,0.00000,0.00000,0.00000,
1757671800738429696,-1.74947,-0.04658,3.05200,0.64865,-0.02968,-0.76037,-0.01464,0.00000,0.00000,0.00000,
1757671800818432512,-1.86393,-0.07971,2.95000,0.67345,-0.03587,-0.73800,-0.02317,0.00000,0.00000,0.00000,
1757671800898431488,-1.82863,-0.14171,2.91679,0.68595,-0.04363,-0.72595,-0.02392,0.00000,0.00000,0.00000,
1757671800978442240,-1.89256,-0.09264,2.96454,0.69897,-0.03803,-0.71377,-0.02291,0.00000,0.00000,0.00000,
1757671801058433024,-1.93245,-0.09014,2.97456,0.71471,-0.03746,-0.69811,-0.02074,0.00000,0.00000,0.00000,
1757671801138437888,-1.97798,-0.08737,2.99827,0.72845,-0.03588,-0.68384,-0.02104,0.00000,0.00000,0.00000,
1757671801218429696,-2.03751,-0.08925,3.02360,0.74282,-0.03803,-0.66795,-0.02484,0.00000,0.00000,0.00000,
1757671801298433536,-2.10061,-0.06697,3.01457,0.75999,-0.03231,-0.64868,-0.02440,0.00000,0.00000,0.00000,
1757671801378431488,-2.14900,-0.07300,3.02639,0.77523,-0.03324,-0.63025,-0.02636,0.00000,0.00000,0.00000,
1757671801458587392,-2.18346,-0.08239,3.04475,0.78956,-0.03197,-0.61233,-0.02500,0.00000,0.00000,0.00000,
1757671801538430208,-2.25652,-0.06156,3.06939,0.80255,-0.03428,-0.59501,-0.02662,0.00000,0.00000,0.00000,
1757671801618452992,-2.30427,-0.07726,3.07533,0.81640,-0.03410,-0.57581,-0.02755,0.00000,0.00000,0.00000,
1757671801698431744,-2.36283,-0.03008,3.10635,0.82695,-0.02636,-0.56130,-0.02015,0.00000,0.00000,0.00000,
1757671801778440704,-2.41626,-0.01888,3.12859,0.83499,-0.02692,-0.54919,-0.02138,0.00000,0.00000,0.00000,
1757671801858436608,-2.50732,-0.02564,3.12773,0.84494,-0.02377,-0.53389,-0.02160,0.00000,0.00000,0.00000,
1757671801938444288,-2.54575,-0.02165,3.16021,0.84837,-0.02372,-0.52839,-0.02273,0.00000,0.00000,0.00000,
1757671802018444288,-2.57252,0.00731,3.19199,0.84961,-0.02146,-0.52663,-0.01898,0.00000,0.00000,0.00000,
1757671802098439168,-2.63771,-0.00361,3.22414,0.85271,-0.01771,-0.52177,-0.01779,0.00000,0.00000,0.00000,
1757671802178439936,-2.69417,-0.00057,3.24983,0.85623,-0.02257,-0.51571,-0.02016,0.00000,0.00000,0.00000,
1757671802258435840,-2.73502,0.00614,3.27849,0.86105,-0.02098,-0.50772,-0.01958,0.00000,0.00000,0.00000,
1757671802338465536,-2.78058,-0.00137,3.31713,0.86757,-0.02488,-0.49624,-0.02139,0.00000,0.00000,0.00000,
1757671802418437376,-2.81491,-0.01044,3.35070,0.87778,-0.02567,-0.47770,-0.02544,0.00000,0.00000,0.00000,
1757671802498457344,-2.85755,-0.00734,3.38555,0.89144,-0.02458,-0.45169,-0.02663,0.00000,0.00000,0.00000,
1757671802578441216,-2.86616,-0.02549,3.40796,0.90574,-0.02801,-0.42157,-0.03365,0.00000,0.00000,0.00000,
1757671802658439936,-2.91777,-0.00947,3.45873,0.92161,-0.02641,-0.38586,-0.03239,0.00000,0.00000,0.00000,
1757671802738435840,-2.89239,-0.01087,3.45109,0.93233,-0.01817,-0.35972,-0.03221,0.00000,0.00000,0.00000,
1757671802818435584,-2.96388,0.01864,3.51351,0.93766,-0.02288,-0.34557,-0.02931,0.00000,0.00000,0.00000,
1757671802898439424,-2.98606,0.02530,3.54511,0.94066,-0.01964,-0.33777,-0.02625,0.00000,0.00000,0.00000,
1757671802978435328,-3.00638,0.02592,3.57032,0.94216,-0.02098,-0.33353,-0.02533,0.00000,0.00000,0.00000,
1757671803058436096,-3.01724,0.03516,3.58921,0.94311,-0.01935,-0.33102,-0.02433,0.00000,0.00000,0.00000,
1757671803138459136,-3.03350,0.03867,3.61495,0.94387,-0.01896,-0.32887,-0.02426,0.00000,0.00000,0.00000,
1757671803218442752,-3.05162,0.04044,3.64018,0.94456,-0.01652,-0.32715,-0.02275,0.00000,0.00000,0.00000,
1757671803298452736,-3.06489,0.03922,3.66769,0.94523,-0.01765,-0.32506,-0.02380,0.00000,0.00000,0.00000,
1757671803378463488,-3.09634,0.03992,3.69630,0.94606,-0.02044,-0.32239,-0.02491,0.00000,0.00000,0.00000,
1757671803458449408,-3.12584,0.05197,3.73179,0.94675,-0.01678,-0.32068,-0.02328,0.00000,0.00000,0.00000,
1757671803538436352,-3.14467,0.05211,3.76220,0.94703,-0.01947,-0.31967,-0.02394,0.00000,0.00000,0.00000,
1757671803618435072,-3.16593,0.05540,3.78890,0.94734,-0.01915,-0.31873,-0.02434,0.00000,0.00000,0.00000,
1757671803698478848,-3.18638,0.05386,3.81221,0.94765,-0.01954,-0.31768,-0.02555,0.00000,0.00000,0.00000,
1757671803778455808,-3.21117,0.06135,3.84032,0.94803,-0.01874,-0.31659,-0.02575,0.00000,0.00000,0.00000,
1757671803858459648,-3.22841,0.06240,3.86417,0.94809,-0.01909,-0.31639,-0.02573,0.00000,0.00000,0.00000,
1757671803938447360,-3.25047,0.06070,3.89743,0.94834,-0.01979,-0.31549,-0.02682,0.00000,0.00000,0.00000,
1757671804018649344,-3.26750,0.06312,3.92418,0.94841,-0.01931,-0.31533,-0.02679,0.00000,0.00000,0.00000,
1757671804098479104,-3.28583,0.06015,3.95810,0.94846,-0.01892,-0.31527,-0.02596,0.00000,0.00000,0.00000,
1757671804178447104,-3.30269,0.07002,3.99172,0.94846,-0.01887,-0.31531,-0.02521,0.00000,0.00000,0.00000,
1757671804258477824,-3.33210,0.06580,4.02775,0.94894,-0.01884,-0.31389,-0.02518,0.00000,0.00000,0.00000,
1757671804338442752,-3.35081,0.06910,4.06158,0.94904,-0.01813,-0.31369,-0.02431,0.00000,0.00000,0.00000,
1757671804418441472,-3.37627,0.07584,4.10400,0.94915,-0.01836,-0.31338,-0.02378,0.00000,0.00000,0.00000,
1757671804498441472,-3.41455,0.07434,4.14795,0.94971,-0.01837,-0.31168,-0.02405,0.00000,0.00000,0.00000,
1757671804578441216,-3.43818,0.08667,4.18621,0.94974,-0.01712,-0.31176,-0.02241,0.00000,0.00000,0.00000,
1757671804658448128,-3.47265,0.08769,4.22357,0.95012,-0.01832,-0.31039,-0.02439,0.00000,0.00000,0.00000,
1757671804738445824,-3.50312,0.09103,4.26403,0.95012,-0.01870,-0.31030,-0.02537,0.00000,0.00000,0.00000,
1757671804818444800,-3.52579,0.09429,4.30002,0.94994,-0.01955,-0.31074,-0.02603,0.00000,0.00000,0.00000,
1757671804898480640,-3.55044,0.09981,4.33725,0.94985,-0.02078,-0.31088,-0.02642,0.00000,0.00000,0.00000,
1757671804978445568,-3.57887,0.09723,4.37322,0.94999,-0.02301,-0.31025,-0.02700,0.00000,0.00000,0.00000,
1757671805058450432,-3.59208,0.10002,4.40896,0.95040,-0.02096,-0.30927,-0.02555,0.00000,0.00000,0.00000,
1757671805138455040,-3.61165,0.10885,4.44513,0.95174,-0.02211,-0.30508,-0.02495,0.00000,0.00000,0.00000,
1757671805218445056,-3.64046,0.10810,4.48033,0.95469,-0.02236,-0.29550,-0.02719,0.00000,0.00000,0.00000,
1757671805298444800,-3.66380,0.11476,4.51709,0.95791,-0.02135,-0.28499,-0.02694,0.00000,0.00000,0.00000,
1757671805378446592,-3.68603,0.12001,4.55050,0.96221,-0.02034,-0.27023,-0.02675,0.00000,0.00000,0.00000,
1757671805458448640,-3.70643,0.12723,4.58616,0.96606,-0.01844,-0.25638,-0.02564,0.00000,0.00000,0.00000,
1757671805538447360,-3.72458,0.13347,4.62596,0.96964,-0.01830,-0.24250,-0.02573,0.00000,0.00000,0.00000,
1757671805618453248,-3.74513,0.13194,4.66445,0.97341,-0.01614,-0.22696,-0.02654,0.00000,0.00000,0.00000,
1757671805698458112,-3.75898,0.13548,4.70579,0.97625,-0.02396,-0.21352,-0.02767,0.00000,0.00000,0.00000,
1757671805778447872,-3.77929,0.14077,4.74788,0.97910,-0.01673,-0.20095,-0.02649,0.00000,0.00000,0.00000,
1757671805858468864,-3.78637,0.13802,4.78888,0.98145,-0.01989,-0.18865,-0.02759,0.00000,0.00000,0.00000,
1757671805938452736,-3.81286,0.14056,4.83553,0.98380,-0.01946,-0.17589,-0.02853,0.00000,0.00000,0.00000,
1757671806018448384,-3.82136,0.14276,4.87199,0.98541,-0.02186,-0.16590,-0.03097,0.00000,0.00000,0.00000,
1757671806098454272,-3.83830,0.14357,4.91181,0.98694,-0.02146,-0.15669,-0.03074,0.00000,0.00000,0.00000,
1757671806178452224,-3.84961,0.14634,4.95218,0.98758,-0.01968,-0.15291,-0.03022,0.00000,0.00000,0.00000,
1757671806258447872,-3.85908,0.14765,4.99417,0.98800,-0.02075,-0.15008,-0.03000,0.00000,0.00000,0.00000,
1757671806338448896,-3.86534,0.15505,5.02661,0.98838,-0.01961,-0.14766,-0.03024,0.00000,0.00000,0.00000,
1757671806418456576,-3.87163,0.15634,5.06443,0.98869,-0.02049,-0.14535,-0.03086,0.00000,0.00000,0.00000,
1757671806498451456,-3.88405,0.15593,5.10350,0.98901,-0.01978,-0.14334,-0.03052,0.00000,0.00000,0.00000,
1757671806578498304,-3.89848,0.15893,5.14443,0.98933,-0.02109,-0.14096,-0.03032,0.00000,0.00000,0.00000,
1757671806658450176,-3.90302,0.16265,5.18421,0.98948,-0.02107,-0.14003,-0.02970,0.00000,0.00000,0.00000,
1757671806738467072,-3.92062,0.16233,5.23212,0.98981,-0.02124,-0.13784,-0.02868,0.00000,0.00000,0.00000,
1757671806818451968,-3.92397,0.15934,5.27348,0.99004,-0.01797,-0.13680,-0.02811,0.00000,0.00000,0.00000,
1757671806898457856,-3.94120,0.16146,5.32461,0.99019,-0.02041,-0.13550,-0.02746,0.00000,0.00000,0.00000,
1757671806978453504,-3.95413,0.16608,5.37827,0.99031,-0.02080,-0.13457,-0.02721,0.00000,0.00000,0.00000,
1757671807058455552,-3.97200,0.17395,5.42793,0.99048,-0.02029,-0.13330,-0.02757,0.00000,0.00000,0.00000,
1757671807138458368,-3.98773,0.17338,5.47862,0.99061,-0.02051,-0.13213,-0.02842,0.00000,0.00000,0.00000,
1757671807218458112,-4.00473,0.17266,5.52505,0.99072,-0.02032,-0.13115,-0.02938,0.00000,0.00000,0.00000,
1757671807298460928,-4.01576,0.17768,5.57960,0.99072,-0.02098,-0.13111,-0.02904,0.00000,0.00000,0.00000,
1757671807378463744,-4.02473,0.18285,5.62485,0.99088,-0.02183,-0.12943,-0.03037,0.00000,0.00000,0.00000,
1757671807458454784,-4.03621,0.18850,5.67642,0.99136,-0.02161,-0.12587,-0.02985,0.00000,0.00000,0.00000,
1757671807538455552,-4.04775,0.19095,5.73274,0.99211,-0.02208,-0.12002,-0.02878,0.00000,0.00000,0.00000,
1757671807618456320,-4.06550,0.18557,5.78344,0.99306,-0.01983,-0.11228,-0.02874,0.00000,0.00000,0.00000,
1757671807698457088,-4.07134,0.18463,5.84202,0.99376,-0.02199,-0.10516,-0.03002,0.00000,0.00000,0.00000,
1757671807778456064,-4.08398,0.19321,5.89733,0.99465,-0.02117,-0.09644,-0.03047,0.00000,0.00000,0.00000,
1757671807858455808,-4.09408,0.18855,5.95574,0.99545,-0.02065,-0.08730,-0.03221,0.00000,0.00000,0.00000,
1757671807938462720,-4.11324,0.18990,6.01238,0.99624,-0.02057,-0.07703,-0.03389,0.00000,0.00000,0.00000,
1757671808018461696,-4.11693,0.19690,6.06698,0.99688,-0.01814,-0.06853,-0.03479,0.00000,0.00000,0.00000,
1757671808098478336,-4.12456,0.20063,6.12918,0.99748,-0.01948,-0.05883,-0.03462,0.00000,0.00000,0.00000,
1757671808178458368,-4.12690,0.20229,6.17888,0.99780,-0.01881,-0.05391,-0.03360,0.00000,0.00000,0.00000,
1757671808258461184,-4.13033,0.20905,6.24585,0.99808,-0.01575,-0.04964,-0.03351,0.00000,0.00000,0.00000,
1757671808338484992,-4.13170,0.21270,6.30091,0.99823,-0.01569,-0.04638,-0.03376,0.00000,0.00000,0.00000,
1757671808418462720,-4.13778,0.21042,6.36245,0.99839,-0.01623,-0.04314,-0.03315,0.00000,0.00000,0.00000,
1757671808498460672,-4.13841,0.21149,6.41411,0.99846,-0.01747,-0.04104,-0.03295,0.00000,0.00000,0.00000,
1757671808578459392,-4.14081,0.21953,6.46986,0.99852,-0.01667,-0.03901,-0.03413,0.00000,0.00000,0.00000,
1757671808658460416,-4.14591,0.22050,6.52414,0.99859,-0.01655,-0.03725,-0.03415,0.00000,0.00000,0.00000,
1757671808738476288,-4.15254,0.22233,6.58190,0.99861,-0.01630,-0.03633,-0.03450,0.00000,0.00000,0.00000,
1757671808818461952,-4.15687,0.22236,6.64414,0.99866,-0.01697,-0.03458,-0.03466,0.00000,0.00000,0.00000,
1757671808898471936,-4.15795,0.22171,6.69517,0.99866,-0.01843,-0.03412,-0.03437,0.00000,0.00000,0.00000,
1757671808978463744,-4.15280,0.22418,6.75480,0.99874,-0.01619,-0.03337,-0.03393,0.00000,0.00000,0.00000,
1757671809058463488,-4.15850,0.22033,6.80889,0.99881,-0.01587,-0.03200,-0.03326,0.00000,0.00000,0.00000,
1757671809138598400,-4.15972,0.22920,6.87070,0.99881,-0.01805,-0.03128,-0.03282,0.00000,0.00000,0.00000,
1757671809218475264,-4.16312,0.22609,6.93058,0.99888,-0.01483,-0.02976,-0.03379,0.00000,0.00000,0.00000,
1757671809298464000,-4.16822,0.23183,6.99515,0.99883,-0.01817,-0.02894,-0.03425,0.00000,0.00000,0.00000,
1757671809378464000,-4.18160,0.23850,7.05566,0.99882,-0.01818,-0.02795,-0.03528,0.00000,0.00000,0.00000,
1757671809458467840,-4.18245,0.24094,7.11631,0.99876,-0.02017,-0.02788,-0.03610,0.00000,0.00000,0.00000,
1757671809538465536,-4.18463,0.24569,7.17547,0.99871,-0.02077,-0.02727,-0.03750,0.00000,0.00000,0.00000,
1757671809618479360,-4.18492,0.24919,7.23045,0.99875,-0.02099,-0.02690,-0.03640,0.00000,0.00000,0.00000,
1757671809698467328,-4.17794,0.25117,7.29584,0.99880,-0.02135,-0.02491,-0.03639,0.00000,0.00000,0.00000,
1757671809778467072,-4.17922,0.25257,7.34462,0.99890,-0.01923,-0.02205,-0.03663,0.00000,0.00000,0.00000,
1757671809858470144,-4.17392,0.25838,7.40625,0.99888,-0.02268,-0.01756,-0.03756,0.00000,0.00000,0.00000,
1757671809938467840,-4.18367,0.26164,7.44549,0.99905,-0.01839,-0.01201,-0.03753,0.00000,0.00000,0.00000,
1757671810018467584,-4.17551,0.25958,7.50790,0.99900,-0.02239,-0.00803,-0.03780,0.00000,0.00000,0.00000,
1757671810098471680,-4.17432,0.26657,7.56591,0.99900,-0.02155,-0.00444,-0.03881,0.00000,0.00000,0.00000,
1757671810178468352,-4.17961,0.27112,7.61849,0.99899,-0.02290,-0.00132,-0.03859,0.00000,0.00000,0.00000,
1757671810258469120,-4.18085,0.27221,7.66513,0.99900,-0.02346,0.00060,-0.03803,0.00000,0.00000,0.00000,
1757671810338471168,-4.17935,0.27164,7.71772,0.99904,-0.02386,0.00265,-0.03675,0.00000,0.00000,0.00000,
1757671810418470912,-4.17100,0.27482,7.77522,0.99907,-0.02238,0.00408,-0.03660,0.00000,0.00000,0.00000,
1757671810498480896,-4.17544,0.27389,7.82219,0.99907,-0.02162,0.00552,-0.03690,0.00000,0.00000,0.00000,
1757671810578476544,-4.17189,0.27350,7.87502,0.99909,-0.02213,0.00663,-0.03583,0.00000,0.00000,0.00000,
1757671810658475520,-4.16343,0.27795,7.93395,0.99900,-0.02316,0.00924,-0.03719,0.00000,0.00000,0.00000,
1757671810738473216,-4.17424,0.27906,7.97307,0.99905,-0.02016,0.01378,-0.03605,0.00000,0.00000,0.00000,
1757671810818475264,-4.15199,0.28141,8.04125,0.99886,-0.02212,0.01682,-0.03876,0.00000,0.00000,0.00000,
1757671810898472960,-4.15246,0.28425,8.09550,0.99871,-0.02170,0.02283,-0.03978,0.00000,0.00000,0.00000,
1757671810978475776,-4.13716,0.29348,8.17379,0.99845,-0.02320,0.02964,-0.04095,0.00000,0.00000,0.00000,
1757671811058474752,-4.13697,0.29390,8.21678,0.99826,-0.02348,0.03689,-0.03953,0.00000,0.00000,0.00000,
1757671811138476544,-4.13194,0.28893,8.26907,0.99787,-0.02431,0.04487,-0.04053,0.00000,0.00000,0.00000,
1757671811218478336,-4.12696,0.29493,8.31835,0.99767,-0.02262,0.04985,-0.04070,0.00000,0.00000,0.00000,
1757671811298552320,-4.11848,0.30015,8.37006,0.99747,-0.02297,0.05404,-0.04009,0.00000,0.00000,0.00000,
1757671811378477056,-4.10821,0.29671,8.41748,0.99739,-0.02287,0.05613,-0.03925,0.00000,0.00000,0.00000,
1757671811458476032,-4.10883,0.30705,8.46786,0.99725,-0.02154,0.05981,-0.03806,0.00000,0.00000,0.00000,
1757671811538476800,-4.09115,0.30071,8.52800,0.99712,-0.02364,0.06140,-0.03784,0.00000,0.00000,0.00000,
1757671811618490624,-4.07595,0.30365,8.55394,0.99697,-0.02461,0.06207,-0.03989,0.00000,0.00000,0.00000,
1757671811698483456,-4.06445,0.30981,8.60837,0.99689,-0.02366,0.06353,-0.04016,0.00000,0.00000,0.00000,
1757671811778481408,-4.05908,0.31285,8.67220,0.99670,-0.02440,0.06574,-0.04085,0.00000,0.00000,0.00000,
1757671811858478080,-4.05927,0.31794,8.71506,0.99672,-0.02383,0.06629,-0.03976,0.00000,0.00000,0.00000,
1757671811938480896,-4.05035,0.31852,8.76880,0.99669,-0.02370,0.06674,-0.04001,0.00000,0.00000,0.00000,
1757671812018477824,-4.04163,0.31946,8.81029,0.99673,-0.02325,0.06572,-0.04085,0.00000,0.00000,0.00000,
1757671812098481664,-4.03722,0.32506,8.87038,0.99682,-0.02184,0.06560,-0.03974,0.00000,0.00000,0.00000,
1757671812178491648,-4.03529,0.31948,8.91694,0.99692,-0.02114,0.06450,-0.03925,0.00000,0.00000,0.00000,
1757671812258479360,-4.03489,0.32462,8.97393,0.99696,-0.02057,0.06405,-0.03921,0.00000,0.00000,0.00000,
1757671812338487296,-4.03309,0.32756,9.02013,0.99707,-0.01954,0.06265,-0.03927,0.00000,0.00000,0.00000,
1757671812418482944,-4.02733,0.33491,9.06882,0.99731,-0.02020,0.05869,-0.03910,0.00000,0.00000,0.00000,
1757671812498486016,-4.01123,0.33229,9.11936,0.99745,-0.02210,0.05479,-0.04010,0.00000,0.00000,0.00000,
1757671812578480640,-4.01205,0.33617,9.16397,0.99773,-0.02122,0.05066,-0.03904,0.00000,0.00000,0.00000,
1757671812658483712,-3.99000,0.33577,9.21247,0.99809,-0.02293,0.04214,-0.03898,0.00000,0.00000,0.00000,
1757671812738482432,-3.98651,0.34507,9.25619,0.99843,-0.02355,0.03507,-0.03685,0.00000,0.00000,0.00000,
1757671812818504192,-3.99408,0.34315,9.30615,0.99867,-0.02308,0.02866,-0.03599,0.00000,0.00000,0.00000,
1757671812898483200,-3.97163,0.34004,9.35370,0.99884,-0.02667,0.01803,-0.03574,0.00000,0.00000,0.00000,
1757671812978518016,-3.98136,0.33650,9.39450,0.99908,-0.02469,0.01044,-0.03345,0.00000,0.00000,0.00000,
1757671813058496768,-3.98375,0.34401,9.43631,0.99914,-0.02584,0.00122,-0.03248,0.00000,0.00000,0.00000,
1757671813138487552,-3.98256,0.35108,9.47350,0.99912,-0.02553,-0.00824,-0.03222,0.00000,0.00000,0.00000,
1757671813218482432,-3.97029,0.35291,9.52232,0.99899,-0.02328,-0.02150,-0.03186,0.00000,0.00000,0.00000,
1757671813298484480,-3.96153,0.35083,9.56245,0.99860,-0.02554,-0.03275,-0.03274,0.00000,0.00000,0.00000,
1757671813378484224,-3.96788,0.35890,9.59685,0.99826,-0.02313,-0.04291,-0.03316,0.00000,0.00000,0.00000,
1757671813458487040,-3.97499,0.36282,9.63942,0.99785,-0.02434,-0.05086,-0.03350,0.00000,0.00000,0.00000,
1757671813538487808,-3.99215,0.36483,9.67938,0.99761,-0.02509,-0.05381,-0.03524,0.00000,0.00000,0.00000,
1757671813618488832,-4.01474,0.37469,9.73176,0.99758,-0.02427,-0.05474,-0.03541,0.00000,0.00000,0.00000,
1757671813698503680,-4.00656,0.37643,9.78539,0.99732,-0.02656,-0.05829,-0.03535,0.00000,0.00000,0.00000,
1757671813778487552,-4.01299,0.38081,9.82229,0.99728,-0.02432,-0.06078,-0.03387,0.00000,0.00000,0.00000,
1757671813858489344,-4.02847,0.38478,9.87451,0.99725,-0.02441,-0.06119,-0.03388,0.00000,0.00000,0.00000,
1757671813938493184,-3.93473,0.43483,9.90550,0.99651,-0.01764,-0.07281,-0.03670,0.00000,0.00000,0.00000,
1757671814018489856,-4.03481,0.39660,9.96880,0.99699,-0.02217,-0.06525,-0.03539,0.00000,0.00000,0.00000,
1757671814098495744,-4.04569,0.39791,10.03216,0.99682,-0.02566,-0.06659,-0.03552,0.00000,0.00000,0.00000,
1757671814178491648,-4.05402,0.39413,10.09162,0.99660,-0.02845,-0.06848,-0.03583,0.00000,0.00000,0.00000,
1757671814258491392,-4.07590,0.40358,10.13621,0.99650,-0.03034,-0.06786,-0.03833,0.00000,0.00000,0.00000,
1757671814338491392,-4.09603,0.40813,10.18737,0.99645,-0.03010,-0.06814,-0.03929,0.00000,0.00000,0.00000,
1757671814418495232,-4.08208,0.41008,10.24769,0.99602,-0.03354,-0.07339,-0.03796,0.00000,0.00000,0.00000,
1757671814498490112,-4.08595,0.41698,10.31094,0.99595,-0.03401,-0.07346,-0.03916,0.00000,0.00000,0.00000,
1757671814578489856,-4.08843,0.41621,10.37125,0.99580,-0.03543,-0.07519,-0.03839,0.00000,0.00000,0.00000,
1757671814658491648,-4.10309,0.42269,10.41882,0.99599,-0.03159,-0.07460,-0.03794,0.00000,0.00000,0.00000,
1757671814738495488,-4.10908,0.43300,10.46160,0.99596,-0.03062,-0.07580,-0.03708,0.00000,0.00000,0.00000,
1757671814818490368,-4.10715,0.42951,10.54044,0.99572,-0.03387,-0.07761,-0.03708,0.00000,0.00000,0.00000,
1757671814898496256,-4.10595,0.41621,10.47378,0.99555,-0.04019,-0.07756,-0.03535,0.00000,0.00000,0.00000,
1757671814978497024,-4.12618,0.41788,10.67828,0.99560,-0.03413,-0.07846,-0.03823,0.00000,0.00000,0.00000,
1757671815058492928,-4.15695,0.41816,10.69812,0.99574,-0.03355,-0.07758,-0.03688,0.00000,0.00000,0.00000,
1757671815138493696,-4.15207,0.46630,10.78137,0.99562,-0.03308,-0.07916,-0.03716,0.00000,0.00000,0.00000,
1757671815218494720,-4.15703,0.44740,10.82667,0.99555,-0.03408,-0.07952,-0.03747,0.00000,0.00000,0.00000,
1757671815298495488,-4.14086,0.43887,10.91227,0.99520,-0.03403,-0.08200,-0.04112,0.00000,0.00000,0.00000,
1757671815378495232,-4.15398,0.44819,10.94695,0.99528,-0.03415,-0.08202,-0.03905,0.00000,0.00000,0.00000,
1757671815458499072,-4.16733,0.46130,10.99240,0.99535,-0.03015,-0.08305,-0.03841,0.00000,0.00000,0.00000,
1757671815538497024,-4.17104,0.44584,11.04655,0.99484,-0.03427,-0.08822,-0.03667,0.00000,0.00000,0.00000,
1757671815618498816,-4.18872,0.46479,11.08314,0.99471,-0.03101,-0.09097,-0.03632,0.00000,0.00000,0.00000,
1757671815698501632,-4.20723,0.45714,11.12502,0.99404,-0.03583,-0.09717,-0.03392,0.00000,0.00000,0.00000,
1757671815778525440,-4.22568,0.44533,11.18151,0.99342,-0.03383,-0.10227,-0.03881,0.00000,0.00000,0.00000,
1757671815858510336,-4.17344,0.44794,11.22953,0.99131,-0.03241,-0.12234,-0.03589,0.00000,0.00000,0.00000,
1757671815938497280,-4.19476,0.48243,11.26202,0.99032,-0.02930,-0.13066,-0.03666,0.00000,0.00000,0.00000,
1757671816018499072,-4.22883,0.48236,11.30416,0.98907,-0.03024,-0.14040,-0.03348,0.00000,0.00000,0.00000,
1757671816098498048,-4.23051,0.47877,11.35044,0.98720,-0.02988,-0.15364,-0.03057,0.00000,0.00000,0.00000,
1757671816178498816,-4.22724,0.46181,11.41293,0.98458,-0.03492,-0.16822,-0.03282,0.00000,0.00000,0.00000,
1757671816258498560,-4.25176,0.48716,11.43619,0.98273,-0.03281,-0.17954,-0.03051,0.00000,0.00000,0.00000,
1757671816338498560,-4.30574,0.48157,11.49393,0.98120,-0.03440,-0.18765,-0.02918,0.00000,0.00000,0.00000,
1757671816418507264,-4.29325,0.48488,11.52836,0.97825,-0.03749,-0.20131,-0.03321,0.00000,0.00000,0.00000,
1757671816498506240,-4.30505,0.51135,11.57247,0.97617,-0.03646,-0.21067,-0.03721,0.00000,0.00000,0.00000,
1757671816578505984,-4.32737,0.50340,11.61463,0.97464,-0.03797,-0.21771,-0.03521,0.00000,0.00000,0.00000,
1757671816658506752,-4.35964,0.54957,11.64945,0.97403,-0.03602,-0.22096,-0.03376,0.00000,0.00000,0.00000,
1757671816738508800,-4.37385,0.54389,11.69591,0.97288,-0.03569,-0.22620,-0.03263,0.00000,0.00000,0.00000,
1757671816818506496,-4.40825,0.55681,11.73888,0.97245,-0.03473,-0.22825,-0.03213,0.00000,0.00000,0.00000,
1757671816898507264,-4.42362,0.53777,11.80375,0.97148,-0.03964,-0.23115,-0.03492,0.00000,0.00000,0.00000,
1757671816978506240,-4.43856,0.54166,11.82692,0.97082,-0.04043,-0.23392,-0.03397,0.00000,0.00000,0.00000,
1757671817058508032,-4.46437,0.54991,11.88465,0.97066,-0.04279,-0.23428,-0.03320,0.00000,0.00000,0.00000,
1757671817138532864,-4.46990,0.52237,11.90627,0.97006,-0.04671,-0.23563,-0.03577,0.00000,0.00000,0.00000,
1757671817218528768,-4.53903,0.59198,11.97955,0.97064,-0.03859,-0.23578,-0.02799,0.00000,0.00000,0.00000,
1757671817298508544,-4.55065,0.57720,12.01930,0.96990,-0.03997,-0.23859,-0.02775,0.00000,0.00000,0.00000,
1757671817378508544,-4.58830,0.57938,12.05892,0.96978,-0.04122,-0.23897,-0.02674,0.00000,0.00000,0.00000,
1757671817458506240,-4.58076,0.57251,12.10267,0.96863,-0.04250,-0.24327,-0.02782,0.00000,0.00000,0.00000,
1757671817538518272,-4.62074,0.57210,12.14071,0.96895,-0.04276,-0.24185,-0.02853,0.00000,0.00000,0.00000,
1757671817618505984,-4.62381,0.59380,12.14305,0.96866,-0.04180,-0.24308,-0.02935,0.00000,0.00000,0.00000,
1757671817698522880,-4.64210,0.58943,12.21986,0.96822,-0.04347,-0.24374,-0.03537,0.00000,0.00000,0.00000,
1757671817778536704,-4.63213,0.56571,12.25365,0.96718,-0.04682,-0.24671,-0.03881,0.00000,0.00000,0.00000,
1757671817858524416,-4.65777,0.56580,12.24629,0.96743,-0.04961,-0.24511,-0.03932,0.00000,0.00000,0.00000,
1757671817938561280,-4.69625,0.62118,12.36495,0.96823,-0.03956,-0.24433,-0.03571,0.00000,0.00000,0.00000,
1757671818018525184,-4.69266,0.58625,12.35789,0.96804,-0.04457,-0.24389,-0.03773,0.00000,0.00000,0.00000,
1757671818098525952,-4.71501,0.55971,12.44933,0.96868,-0.04675,-0.24148,-0.03391,0.00000,0.00000,0.00000,
1757671818178526976,-4.66519,0.56983,12.43916,0.96906,-0.04355,-0.23976,-0.03934,0.00000,0.00000,0.00000,
1757671818258527744,-4.71070,0.57763,12.49327,0.97179,-0.04563,-0.22862,-0.03571,0.00000,0.00000,0.00000,
1757671818338523648,-4.69343,0.52042,12.46917,0.97429,-0.05537,-0.21301,-0.04822,0.00000,0.00000,0.00000,
1757671818418526464,-4.65217,0.52678,12.51699,0.97593,-0.05573,-0.20442,-0.05156,0.00000,0.00000,0.00000,
1757671818498525184,-4.75377,0.54775,12.64303,0.98111,-0.04893,-0.18156,-0.04555,0.00000,0.00000,0.00000,
1757671818578524160,-4.76026,0.56875,12.68542,0.98441,-0.04831,-0.16369,-0.04255,0.00000,0.00000,0.00000,
1757671818658523904,-4.76006,0.53606,12.72603,0.98817,-0.04704,-0.13919,-0.04403,0.00000,0.00000,0.00000,
1757671818738626816,-4.74981,0.55226,12.79603,0.99053,-0.04447,-0.12019,-0.04933,0.00000,0.00000,0.00000,
1757671818818522624,-4.74652,0.56964,12.83943,0.99299,-0.04246,-0.10064,-0.04509,0.00000,0.00000,0.00000,
1757671818898524416,-4.75119,0.59169,12.89933,0.99516,-0.03671,-0.07993,-0.04373,0.00000,0.00000,0.00000,
1757671818978521344,-4.75580,0.57916,12.98945,0.99657,-0.03776,-0.06155,-0.04031,0.00000,0.00000,0.00000,
1757671819058519296,-4.79577,0.60349,13.02907,0.99790,-0.03516,-0.03383,-0.04266,0.00000,0.00000,0.00000,
1757671819138523136,-4.74144,0.59718,13.07388,0.99807,-0.03685,-0.01881,-0.04638,0.00000,0.00000,0.00000,
1757671819218520832,-4.77150,0.58345,13.11480,0.99790,-0.03937,0.00646,-0.05105,0.00000,0.00000,0.00000,
1757671819298520832,-4.76705,0.59531,13.15936,0.99757,-0.04614,0.02587,-0.04531,0.00000,0.00000,0.00000,
1757671819378519552,-4.74610,0.58299,13.20711,0.99694,-0.04401,0.04652,-0.04480,0.00000,0.00000,0.00000,
1757671819458523392,-4.75535,0.61912,13.28929,0.99566,-0.03791,0.07301,-0.04357,0.00000,0.00000,0.00000,
1757671819538527232,-4.73765,0.64451,13.29884,0.99367,-0.03473,0.09564,-0.04752,0.00000,0.00000,0.00000,
1757671819618529024,-4.73731,0.63429,13.35552,0.99122,-0.03487,0.11859,-0.04691,0.00000,0.00000,0.00000,
1757671819698528000,-4.73439,0.62122,13.41624,0.98826,-0.03577,0.14149,-0.04528,0.00000,0.00000,0.00000,
1757671819778531840,-4.72287,0.64198,13.41786,0.98422,-0.03638,0.16671,-0.04679,0.00000,0.00000,0.00000,
1757671819858595584,-4.68802,0.61073,13.44148,0.98149,-0.03996,0.18246,-0.04224,0.00000,0.00000,0.00000,
1757671819938527488,-4.71594,0.76379,13.46550,0.97556,-0.02757,0.21450,-0.03894,0.00000,0.00000,0.00000,
1757671820018531328,-4.66301,0.64029,13.52553,0.97029,-0.04032,0.23406,-0.04608,0.00000,0.00000,0.00000,
1757671820098528256,-4.61146,0.62508,13.57609,0.96592,-0.03800,0.25137,-0.04867,0.00000,0.00000,0.00000,
1757671820178525952,-4.55040,0.61170,13.59576,0.96206,-0.03687,0.26573,-0.04966,0.00000,0.00000,0.00000,
1757671820258526976,-4.54248,0.62740,13.62268,0.95557,-0.03380,0.28843,-0.05047,0.00000,0.00000,0.00000,
1757671820338526720,-4.54273,0.64437,13.66262,0.94766,-0.03110,0.31368,-0.05075,0.00000,0.00000,0.00000,
1757671820418529536,-4.46272,0.65535,13.69274,0.94216,-0.02459,0.32858,-0.06135,0.00000,0.00000,0.00000,
1757671820498567424,-4.34575,0.69320,13.67341,0.94708,0.00245,0.31221,-0.07460,0.00000,0.00000,0.00000,
1757671820578529280,-4.43357,0.62339,13.77230,0.91797,-0.04659,0.38982,-0.05653,0.00000,0.00000,0.00000,
1757671820658531072,-4.41582,0.60102,13.75126,0.91721,-0.02539,0.39621,-0.03332,0.00000,0.00000,0.00000,
1757671820738531072,-4.29155,0.68353,13.79226,0.90687,-0.01815,0.41106,-0.09104,0.00000,0.00000,0.00000,
1757671820818526720,-4.25263,0.59726,13.82189,0.89892,-0.03210,0.43207,-0.06497,0.00000,0.00000,0.00000,
1757671820898553600,-4.05040,0.68089,13.65690,0.94018,0.02680,0.32795,-0.08825,0.00000,0.00000,0.00000,
1757671820978527488,-4.07707,0.70266,13.64869,0.93571,0.03853,0.34265,-0.07457,0.00000,0.00000,0.00000,
1757671821058528256,-4.01757,0.68407,13.71077,0.92450,0.04725,0.37167,-0.07017,0.00000,0.00000,0.00000,
1757671821138529280,-3.94703,0.65528,13.69112,0.92897,0.03518,0.36057,-0.07590,0.00000,0.00000,0.00000,
1757671821218526976,-3.94528,0.66742,13.75255,0.90976,0.04619,0.40530,-0.07705,0.00000,0.00000,0.00000,
1757671821298527744,-3.95285,0.64509,13.74194,0.90486,0.03081,0.42095,-0.05557,0.00000,0.00000,0.00000,
1757671821378528768,-3.94143,0.62053,13.78226,0.88946,0.02136,0.45417,-0.04612,0.00000,0.00000,0.00000,
1757671821458537472,-3.91356,0.62432,13.77617,0.88685,0.02594,0.46045,-0.02832,0.00000,0.00000,0.00000,
1757671821538564352,-3.83881,0.58772,13.81195,0.88374,0.03433,0.46648,-0.01471,0.00000,0.00000,0.00000,
1757671821618535168,-3.79610,0.64367,13.85320,0.86034,0.06816,0.50330,-0.04314,0.00000,0.00000,0.00000,
1757671821698543104,-3.76656,0.64318,13.83878,0.85866,0.06618,0.50701,-0.03541,0.00000,0.00000,0.00000,
1757671821778535936,-3.75004,0.65015,13.83426,0.85129,0.06735,0.51963,-0.02749,0.00000,0.00000,0.00000,
1757671821858533888,-3.73695,0.65988,13.82968,0.84730,0.06559,0.52676,-0.01731,0.00000,0.00000,0.00000,
1757671821938537728,-3.71063,0.64704,13.84290,0.84212,0.06509,0.53533,-0.00503,0.00000,0.00000,0.00000,
1757671822018538496,-3.71063,0.64704,13.84290,0.84212,0.06509,0.53533,-0.00503,0.00000,0.00000,0.00000,
1757671822098569216,-3.69725,0.66240,13.83386,0.84178,0.06824,0.53523,-0.01666,0.00000,0.00000,0.00000,
1757671822178532096,-3.69168,0.65418,13.83730,0.84191,0.06684,0.53522,-0.01608,0.00000,0.00000,0.00000,
1757671822258532096,-3.71146,0.65702,13.81918,0.84233,0.06523,0.53498,-0.00471,0.00000,0.00000,0.00000,
1757671822338534912,-3.61906,0.71390,13.84294,0.83910,0.13249,0.52075,-0.08469,0.00000,0.00000,0.00000,
1757671822418538752,-3.66650,0.63742,13.80381,0.87012,0.05689,0.48951,-0.00513,0.00000,0.00000,0.00000,
1757671822498536448,-3.66684,0.64180,13.81286,0.86721,0.06440,0.49344,-0.01793,0.00000,0.00000,0.00000,
1757671822578660352,-3.68844,0.64167,13.81720,0.86018,0.06106,0.50632,-0.00289,0.00000,0.00000,0.00000,
1757671822658533120,-3.70014,0.64047,13.82060,0.85814,0.05899,0.50992,0.01029,0.00000,0.00000,0.00000,
1757671822738533120,-3.69288,0.63687,13.81688,0.85996,0.05470,0.50742,0.00316,0.00000,0.00000,0.00000,
1757671822818534912,-3.69857,0.59934,13.80874,0.86194,0.02428,0.50635,0.00869,0.00000,0.00000,0.00000,
1757671822898534656,-3.74593,0.63564,13.76252,0.86492,0.03425,0.50063,0.01071,0.00000,0.00000,0.00000,
1757671822978533632,-3.74593,0.63564,13.76252,0.86492,0.03425,0.50063,0.01071,0.00000,0.00000,0.00000,
1757671823058534400,-3.70203,0.58879,13.80477,0.86045,0.03367,0.50817,-0.01578,0.00000,0.00000,0.00000,
1757671823138538240,-3.79240,0.66831,13.75004,0.88512,0.07934,0.44428,0.11354,0.00000,0.00000,0.00000,
1757671823218542080,-3.77259,0.63558,13.81187,0.85768,0.07404,0.50706,0.04221,0.00000,0.00000,0.00000,
1757671823298540032,-3.74922,0.64482,13.75353,0.85306,0.07874,0.51351,0.04906,0.00000,0.00000,0.00000,
1757671823378534912,-3.51924,0.43239,13.88155,0.86920,0.04928,0.49052,0.03812,0.00000,0.00000,0.00000,
1757671823458544640,-3.72012,0.62479,13.72024,0.86869,0.08334,0.48545,0.05257,0.00000,0.00000,0.00000,
1757671823538546432,-3.72131,0.61695,13.70253,0.87503,0.09354,0.46881,0.07612,0.00000,0.00000,0.00000,
1757671823618665472,-3.73977,0.61428,13.74021,0.86028,0.10557,0.49301,0.07562,0.00000,0.00000,0.00000,
1757671823698617344,-3.72021,0.66450,13.71497,0.87504,0.13165,0.46048,0.07025,0.00000,0.00000,0.00000,
1757671823778544128,-3.92398,0.51956,13.73796,0.82093,0.03207,0.55823,0.11586,0.00000,0.00000,0.00000,
1757671823858544896,-3.80606,0.58570,13.65900,0.87265,0.07098,0.47587,0.08363,0.00000,0.00000,0.00000,
1757671823938547712,-3.82411,0.55205,13.60365,0.87929,0.03572,0.46765,0.08295,0.00000,0.00000,0.00000,
1757671824018547712,-3.86486,0.34422,13.54507,0.87220,-0.09877,0.46228,0.12576,0.00000,0.00000,0.00000,
1757671824098545408,-3.88507,0.30993,13.47337,0.87814,-0.12313,0.44463,0.12655,0.00000,0.00000,0.00000,
1757671824178547200,-3.91851,0.40836,13.49610,0.87755,-0.06775,0.46162,0.11053,0.00000,0.00000,0.00000,
1757671824258546176,-3.92360,0.32950,13.44295,0.88035,-0.11328,0.44417,0.12192,0.00000,0.00000,0.00000,
1757671824338544896,-3.94547,0.35966,13.44119,0.87971,-0.09610,0.45056,0.11775,0.00000,0.00000,0.00000,
1757671824418546944,-3.96720,0.45962,13.47464,0.87645,-0.04541,0.47014,0.09354,0.00000,0.00000,0.00000,
1757671824498569728,-3.96991,0.48265,13.45046,0.88116,-0.04193,0.46148,0.09402,0.00000,0.00000,0.00000,
1757671824578544640,-3.97546,0.49060,13.46671,0.87641,-0.03337,0.47251,0.08672,0.00000,0.00000,0.00000,
1757671824658551296,-3.97570,0.49923,13.45851,0.87461,-0.03215,0.47580,0.08746,0.00000,0.00000,0.00000,
1757671824738545152,-3.96791,0.48727,13.45580,0.86877,-0.04219,0.48567,0.08709,0.00000,0.00000,0.00000,
1757671824818546176,-3.96527,0.48638,13.44982,0.86309,-0.04218,0.49589,0.08597,0.00000,0.00000,0.00000,
1757671824898552832,-3.96315,0.49422,13.46539,0.85289,-0.03855,0.51398,0.08323,0.00000,0.00000,0.00000,
1757671824978547712,-3.95900,0.50295,13.44858,0.84632,-0.03657,0.52511,0.08163,0.00000,0.00000,0.00000,
1757671825058551552,-3.96277,0.50115,13.41890,0.84115,-0.04561,0.53352,0.07574,0.00000,0.00000,0.00000,
1757671825138548480,-3.95581,0.49813,13.41833,0.83271,-0.04642,0.54648,0.07622,0.00000,0.00000,0.00000,
1757671825218551296,-3.94121,0.50129,13.41844,0.82410,-0.04468,0.55948,0.07642,0.00000,0.00000,0.00000,
1757671825298553088,-3.92515,0.52343,13.40457,0.81772,-0.04077,0.56942,0.07372,0.00000,0.00000,0.00000,
1757671825378563072,-3.85025,0.45096,13.43121,0.79920,-0.06313,0.59173,0.08458,0.00000,0.00000,0.00000,
1757671825458549760,-3.88192,0.49881,13.40583,0.79321,-0.08384,0.59978,0.06357,0.00000,0.00000,0.00000,
1757671825538552576,-3.83107,0.50577,13.40651,0.78202,-0.08027,0.61459,0.06538,0.00000,0.00000,0.00000,
1757671825618550528,-3.79056,0.51498,13.40562,0.77241,-0.07682,0.62738,0.06218,0.00000,0.00000,0.00000,
1757671825698549248,-3.78183,0.52186,13.41160,0.76152,-0.08183,0.63974,0.06430,0.00000,0.00000,0.00000,
1757671825778548224,-3.80147,0.55277,13.42004,0.75013,-0.08320,0.65295,0.06352,0.00000,0.00000,0.00000,
1757671825858552064,-3.72045,0.53577,13.41104,0.73544,-0.08374,0.66932,0.06421,0.00000,0.00000,0.00000,
1757671825938554880,-3.70096,0.54006,13.40806,0.72384,-0.08312,0.68200,0.06343,0.00000,0.00000,0.00000,
1757671826018667776,-3.62715,0.54281,13.40044,0.71126,-0.08429,0.69501,0.06303,0.00000,0.00000,0.00000,
1757671826098550528,-3.72813,0.53222,13.42969,0.69885,-0.09466,0.70635,0.06097,0.00000,0.00000,0.00000,
1757671826178553344,-3.58782,0.54944,13.38854,0.68547,-0.08916,0.72004,0.06099,0.00000,0.00000,0.00000,
1757671826258559232,-3.54268,0.55513,13.38400,0.66942,-0.08890,0.73510,0.06008,0.00000,0.00000,0.00000,
1757671826338565120,-3.49803,0.55779,13.37309,0.65229,-0.08962,0.75034,0.05892,0.00000,0.00000,0.00000,
1757671826418558976,-3.48373,0.56230,13.36531,0.63365,-0.09129,0.76620,0.05555,0.00000,0.00000,0.00000,
1757671826498551808,-3.48942,0.56723,13.35955,0.61398,-0.09543,0.78173,0.05317,0.00000,0.00000,0.00000,
1757671826578559744,-3.44998,0.57302,13.34986,0.59240,-0.09665,0.79824,0.05031,0.00000,0.00000,0.00000,
1757671826658556416,-3.44807,0.58244,13.34566,0.57104,-0.09933,0.81339,0.04945,0.00000,0.00000,0.00000,
1757671826738554368,-3.41570,0.58359,13.32604,0.54799,-0.09887,0.82936,0.04572,0.00000,0.00000,0.00000,
1757671826818559232,-3.36464,0.58326,13.30852,0.54521,-0.09408,0.83173,0.04607,0.00000,0.00000,0.00000,
1757671826898555136,-3.37532,0.57495,13.32044,0.54439,-0.09650,0.83199,0.04609,0.00000,0.00000,0.00000,
1757671826978561792,-3.27332,0.54046,13.43179,0.53399,-0.08897,0.83925,0.05092,0.00000,0.00000,0.00000,
1757671827058557696,-3.40517,0.58114,13.32455,0.54682,-0.09974,0.83008,0.04482,0.00000,0.00000,0.00000,
1757671827138557440,-3.40503,0.58161,13.32412,0.54764,-0.09927,0.82961,0.04454,0.00000,0.00000,0.00000,
1757671827218574336,-3.40840,0.58226,13.32302,0.54799,-0.09961,0.82935,0.04425,0.00000,0.00000,0.00000,
1757671827298555136,-3.40707,0.58140,13.32452,0.54745,-0.09966,0.82968,0.04462,0.00000,0.00000,0.00000,
1757671827378560000,-3.40734,0.58189,13.32316,0.54755,-0.09935,0.82965,0.04464,0.00000,0.00000,0.00000,
1757671827458573824,-3.40606,0.58126,13.32420,0.54750,-0.09919,0.82970,0.04484,0.00000,0.00000,0.00000,
1757671827538556672,-3.40544,0.58135,13.32371,0.54769,-0.09922,0.82959,0.04436,0.00000,0.00000,0.00000,
1757671827618560512,-3.40576,0.58168,13.32399,0.54757,-0.09920,0.82968,0.04417,0.00000,0.00000,0.00000,
1757671827698607360,-3.53335,0.60404,13.50816,0.27622,-0.11631,0.95391,0.01528,0.00000,0.00000,0.00000,
1757671827778560256,-3.57888,0.50715,13.27539,0.49693,-0.19970,0.84004,0.08668,0.00000,0.00000,0.00000,
1757671827858564096,-4.19525,0.56374,14.50802,0.29904,-0.15741,0.93873,0.06767,0.00000,0.00000,0.00000,
1757671827938593024,-6.84361,0.41743,19.31307,0.13845,-0.02812,0.98879,0.04832,0.00000,0.00000,0.00000,
1757671828018567936,-6.54066,0.01012,18.93114,0.15565,-0.12895,0.97915,-0.02018,0.00000,0.00000,0.00000,
1757671828098571776,-6.39053,-0.35953,17.64822,0.15178,-0.14519,0.97709,-0.03438,0.00000,0.00000,0.00000,
1757671828178569472,-6.35841,-0.38912,17.56385,0.15035,-0.14710,0.97703,-0.03425,0.00000,0.00000,0.00000,
1757671828258562304,-6.28760,-0.49204,17.20956,0.15008,-0.15250,0.97598,-0.04092,0.00000,0.00000,0.00000,
1757671828338564352,-6.36702,-0.37900,17.53066,0.14923,-0.14997,0.97669,-0.03637,0.00000,0.00000,0.00000,
1757671828418564096,-6.35395,-0.37656,17.51232,0.14749,-0.15048,0.97685,-0.03703,0.00000,0.00000,0.00000,
1757671828498563840,-6.30222,-0.43485,17.32814,0.14665,-0.15284,0.97655,-0.03860,0.00000,0.00000,0.00000,
1757671828578574848,-6.32153,-0.39082,17.43373,0.14497,-0.15127,0.97711,-0.03682,0.00000,0.00000,0.00000,
1757671828658589696,-6.33188,-0.36981,17.48586,0.14494,-0.15152,0.97711,-0.03581,0.00000,0.00000,0.00000,
1757671828738566400,-6.28745,-0.41634,17.32873,0.14521,-0.15245,0.97690,-0.03672,0.00000,0.00000,0.00000,
1757671828818562304,-6.18237,-0.56177,16.90047,0.14669,-0.15698,0.97572,-0.04259,0.00000,0.00000,0.00000,
1757671828898563072,-6.10546,-0.66396,16.60089,0.14781,-0.15964,0.97496,-0.04603,0.00000,0.00000,0.00000,
1757671828978566912,-6.11150,-0.63558,16.66070,0.14820,-0.15916,0.97503,-0.04488,0.00000,0.00000,0.00000,
1757671829058563840,-6.15531,-0.54705,16.87102,0.14893,-0.15738,0.97531,-0.04260,0.00000,0.00000,0.00000,
1757671829138596608,-6.17801,-0.51401,16.96000,0.15019,-0.15703,0.97523,-0.04138,0.00000,0.00000,0.00000,
1757671829218565632,-6.18582,-0.49473,16.98557,0.15510,-0.15692,0.97458,-0.03892,0.00000,0.00000,0.00000,
1757671829298568448,-6.16606,-0.50795,16.92474,0.16051,-0.15658,0.97371,-0.04010,0.00000,0.00000,0.00000,
1757671829378567168,-6.12637,-0.54591,16.80443,0.16744,-0.15728,0.97239,-0.04113,0.00000,0.00000,0.00000,
1757671829458748160,-6.09340,-0.59340,16.63669,0.17608,-0.15814,0.97086,-0.03760,0.00000,0.00000,0.00000,
1757671829538770944,-6.07504,-0.59391,16.60572,0.18677,-0.15629,0.96924,-0.03568,0.00000,0.00000,0.00000,
1757671829618574848,-6.06844,-0.60475,16.56419,0.19965,-0.15569,0.96674,-0.03611,0.00000,0.00000,0.00000,
1757671829698581504,-6.05746,-0.60116,16.54749,0.21148,-0.15564,0.96431,-0.03409,0.00000,0.00000,0.00000,
1757671829778573568,-6.04309,-0.60684,16.52497,0.22436,-0.15648,0.96136,-0.03102,0.00000,0.00000,0.00000,
1757671829858588416,-6.02159,-0.61341,16.50073,0.23770,-0.15733,0.95804,-0.02992,0.00000,0.00000,0.00000,
1757671829938570240,-6.00609,-0.62028,16.48193,0.25110,-0.15686,0.95476,-0.02793,0.00000,0.00000,0.00000,
1757671830018790912,-5.99279,-0.60791,16.45992,0.26592,-0.15724,0.95074,-0.02554,0.00000,0.00000,0.00000,
1757671830098569728,-5.99125,-0.61345,16.44752,0.28022,-0.15806,0.94658,-0.02194,0.00000,0.00000,0.00000,
1757671830178571776,-5.98283,-0.60722,16.43047,0.29365,-0.15796,0.94252,-0.02175,0.00000,0.00000,0.00000,
1757671830258584576,-5.96995,-0.59545,16.41384,0.30679,-0.15816,0.93836,-0.01865,0.00000,0.00000,0.00000,
1757671830338596352,-5.96807,-0.59586,16.40286,0.31961,-0.15919,0.93395,-0.01588,0.00000,0.00000,0.00000,
1757671830418573312,-5.94702,-0.59540,16.37227,0.33360,-0.15975,0.92898,-0.01352,0.00000,0.00000,0.00000,
1757671830498584064,-5.93478,-0.59788,16.35522,0.34717,-0.15863,0.92424,-0.00950,0.00000,0.00000,0.00000,
1757671830578578944,-5.91528,-0.59738,16.32824,0.36231,-0.15827,0.91850,-0.00621,0.00000,0.00000,0.00000,
1757671830658572800,-5.89735,-0.59139,16.30899,0.37704,-0.15729,0.91273,-0.00389,0.00000,0.00000,0.00000,
1757671830738582528,-5.87805,-0.58985,16.28891,0.39011,-0.15786,0.90713,-0.00207,0.00000,0.00000,0.00000,
1757671830818576384,-5.85641,-0.57675,16.25383,0.40498,-0.15430,0.90120,-0.00538,0.00000,0.00000,0.00000,
1757671830898575360,-5.82675,-0.58224,16.23599,0.41527,-0.15764,0.89593,0.00259,0.00000,0.00000,0.00000,
1757671830978578176,-5.80363,-0.57519,16.22057,0.42578,-0.15593,0.89128,0.00377,0.00000,0.00000,0.00000,
1757671831058574080,-5.76730,-0.55725,16.18400,0.43740,-0.15577,0.88564,0.00723,0.00000,0.00000,0.00000,
1757671831138579712,-5.73850,-0.54989,16.16207,0.44932,-0.15593,0.87961,0.00958,0.00000,0.00000,0.00000,
1757671831218581760,-5.70620,-0.53995,16.14162,0.46242,-0.15608,0.87273,0.01237,0.00000,0.00000,0.00000,
1757671831298579456,-5.68019,-0.53476,16.11940,0.47539,-0.15512,0.86587,0.01479,0.00000,0.00000,0.00000,
1757671831378580480,-5.65427,-0.52758,16.09727,0.48795,-0.15521,0.85881,0.01608,0.00000,0.00000,0.00000,
1757671831458713088,-5.63013,-0.52675,16.08205,0.49780,-0.15539,0.85307,0.01770,0.00000,0.00000,0.00000,
1757671831538588160,-5.60167,-0.52244,16.06824,0.50696,-0.15618,0.84745,0.02043,0.00000,0.00000,0.00000,
1757671831618580992,-5.57727,-0.51909,16.05386,0.51707,-0.15516,0.84151,0.02072,0.00000,0.00000,0.00000,
1757671831698575616,-5.55460,-0.50999,16.04014,0.52658,-0.15656,0.83523,0.02413,0.00000,0.00000,0.00000,
1757671831778617600,-5.51781,-0.49594,16.02268,0.53514,-0.15611,0.82977,0.02694,0.00000,0.00000,0.00000,
1757671831858623488,-5.49198,-0.48788,16.00666,0.54515,-0.15469,0.82343,0.02910,0.00000,0.00000,0.00000,
1757671831938580224,-5.46282,-0.47945,15.99580,0.55467,-0.15470,0.81689,0.03300,0.00000,0.00000,0.00000,
1757671832018579200,-5.43445,-0.47304,15.98305,0.56569,-0.15447,0.80921,0.03629,0.00000,0.00000,0.00000,
1757671832098638848,-5.40018,-0.46074,15.97188,0.57720,-0.15350,0.80113,0.03836,0.00000,0.00000,0.00000,
1757671832178580736,-5.37311,-0.45861,15.95859,0.58836,-0.15395,0.79266,0.04270,0.00000,0.00000,0.00000,
1757671832258583552,-5.34960,-0.45061,15.94482,0.60273,-0.15313,0.78172,0.04668,0.00000,0.00000,0.00000,
1757671832338585600,-5.33084,-0.44095,15.93800,0.61939,-0.15154,0.76875,0.04912,0.00000,0.00000,0.00000,
1757671832418670336,-5.30896,-0.44148,15.93012,0.63217,-0.15116,0.75825,0.05074,0.00000,0.00000,0.00000,
1757671832498595072,-5.28570,-0.42692,15.92219,0.64418,-0.14839,0.74862,0.05080,0.00000,0.00000,0.00000,
1757671832578587904,-5.26487,-0.42054,15.91916,0.65474,-0.15090,0.73852,0.05602,0.00000,0.00000,0.00000,
1757671832658590976,-5.23402,-0.40992,15.91605,0.66680,-0.14883,0.72789,0.05832,0.00000,0.00000,0.00000,
1757671832738585600,-5.21215,-0.40105,15.91659,0.67954,-0.14769,0.71599,0.06139,0.00000,0.00000,0.00000,
1757671832818583552,-5.17984,-0.38989,15.91434,0.69234,-0.14736,0.70334,0.06523,0.00000,0.00000,0.00000,
1757671832898592512,-5.14852,-0.38203,15.91193,0.70585,-0.14621,0.68964,0.06925,0.00000,0.00000,0.00000,
1757671832978589184,-5.12280,-0.37315,15.91610,0.71923,-0.14486,0.67567,0.07201,0.00000,0.00000,0.00000,
1757671833058588160,-5.09287,-0.35666,15.91351,0.73159,-0.14442,0.66192,0.07609,0.00000,0.00000,0.00000,
1757671833138590976,-5.06882,-0.34819,15.91145,0.74421,-0.14245,0.64788,0.07818,0.00000,0.00000,0.00000,
1757671833218602752,-5.04509,-0.33847,15.91963,0.75462,-0.14268,0.63511,0.08265,0.00000,0.00000,0.00000,
1757671833298589696,-5.01902,-0.33121,15.92749,0.76730,-0.13778,0.62063,0.08415,0.00000,0.00000,0.00000,
1757671833378692608,-4.99068,-0.31815,15.92465,0.77904,-0.14181,0.60390,0.09102,0.00000,0.00000,0.00000,
1757671833458609408,-4.97108,-0.31440,15.93249,0.79038,-0.13856,0.58959,0.09216,0.00000,0.00000,0.00000,
1757671833538588160,-4.94463,-0.29865,15.94279,0.80128,-0.13614,0.57475,0.09528,0.00000,0.00000,0.00000,
1757671833618589952,-4.91801,-0.28869,15.95173,0.81083,-0.13636,0.56059,0.09845,0.00000,0.00000,0.00000,
1757671833698687744,-4.89371,-0.28020,15.96450,0.82066,-0.13572,0.54541,0.10313,0.00000,0.00000,0.00000,
1757671833778590720,-4.86119,-0.27155,15.97205,0.83170,-0.13324,0.52858,0.10548,0.00000,0.00000,0.00000,
1757671833858597632,-4.84208,-0.26184,15.98379,0.84000,-0.13194,0.51515,0.10778,0.00000,0.00000,0.00000,
1757671833938604288,-4.82539,-0.24446,16.00759,0.84758,-0.12870,0.50310,0.10925,0.00000,0.00000,0.00000,
1757671834018594304,-4.78854,-0.23952,16.01528,0.85455,-0.13085,0.48975,0.11295,0.00000,0.00000,0.00000,
1757671834098590208,-4.74511,-0.22722,16.03897,0.86254,-0.12311,0.47782,0.11202,0.00000,0.00000,0.00000,
1757671834178589952,-4.71812,-0.20840,16.05947,0.86752,-0.12803,0.46643,0.11607,0.00000,0.00000,0.00000,
1757671834258596864,-4.65513,-0.20825,16.06875,0.87136,-0.12585,0.45987,0.11582,0.00000,0.00000,0.00000,
1757671834338593536,-4.64887,-0.18032,16.11439,0.87209,-0.12598,0.45830,0.11637,0.00000,0.00000,0.00000,
1757671834418809344,-4.60787,-0.15752,16.13958,0.87463,-0.12612,0.45356,0.11572,0.00000,0.00000,0.00000,
1757671834498596352,-4.56931,-0.13896,16.16959,0.87648,-0.12626,0.45036,0.11409,0.00000,0.00000,0.00000,
1757671834578609152,-4.53089,-0.12250,16.19696,0.87862,-0.12473,0.44686,0.11303,0.00000,0.00000,0.00000,
1757671834658596096,-4.48328,-0.10247,16.22397,0.88000,-0.12780,0.44308,0.11381,0.00000,0.00000,0.00000,
